<?xml version="1.0" encoding="UTF-8"?>
<ti:app xmlns:ti="http://ti.appcelerator.org">
    <id>com.test.actionbar</id>
    <name>ActionBarSampleTi</name>
    <version>1.0</version>
    <publisher>hazemkhaled</publisher>
    <url>http://</url>
    <description>not specified</description>
    <copyright>2012 by hazemkhaled</copyright>
    <icon>appicon.png</icon>
    <persistent-wifi>false</persistent-wifi>
    <prerendered-icon>false</prerendered-icon>
    <statusbar-style>default</statusbar-style>
    <statusbar-hidden>false</statusbar-hidden>
    <fullscreen>false</fullscreen>
    <navbar-hidden>false</navbar-hidden>
    <analytics>false</analytics>
    <guid>99a04c4e-689f-4a4c-9870-a0843d7f21c0</guid>
    <property name="ti.ui.defaultunit" type="string">system</property>
    <iphone>
        <orientations device="iphone">
            <orientation>Ti.UI.PORTRAIT</orientation>
        </orientations>
        <orientations device="ipad">
            <orientation>Ti.UI.PORTRAIT</orientation>
            <orientation>Ti.UI.UPSIDE_PORTRAIT</orientation>
            <orientation>Ti.UI.LANDSCAPE_LEFT</orientation>
            <orientation>Ti.UI.LANDSCAPE_RIGHT</orientation>
        </orientations>
    </iphone>
    <android xmlns:android="http://schemas.android.com/apk/res/android">
        <tool-api-level>16</tool-api-level>
        <manifest>
            <uses-sdk android:minSdkVersion="8" android:targetSdkVersion="11"/>
        </manifest>
    </android>
    <modules/>
    <deployment-targets>
        <target device="blackberry">false</target>
        <target device="android">true</target>
        <target device="ipad">false</target>
        <target device="iphone">false</target>
        <target device="mobileweb">false</target>
    </deployment-targets>
    <sdk-version>3.0.0.GA</sdk-version>
</ti:app>
